[
  {
    "id": "e42e47d5-3959-47fd-b6c5-9390443ca518",
    "data": [
      {
        "text": "add truck",
        "alias": "user_intent",
        "meta": "@user_intent",
        "userDefined": true
      }
    ],
    "isTemplate": false,
    "count": 0,
    "updated": 0
  },
  {
    "id": "625ff0a8-982c-4ac7-b136-28b6e3114cd3",
    "data": [
      {
        "text": "query truck",
        "alias": "user_intent",
        "meta": "@user_intent",
        "userDefined": false
      }
    ],
    "isTemplate": false,
    "count": 0,
    "updated": 0
  },
  {
    "id": "0c488bb1-3520-4b3b-a868-97c4302faa28",
    "data": [
      {
        "text": "search truck",
        "alias": "user_intent",
        "meta": "@user_intent",
        "userDefined": false
      }
    ],
    "isTemplate": false,
    "count": 0,
    "updated": 0
  },
  {
    "id": "417293dc-0dd9-4f98-bbc2-98f93899aaf9",
    "data": [
      {
        "text": "register truck",
        "alias": "user_intent",
        "meta": "@user_intent",
        "userDefined": true
      }
    ],
    "isTemplate": false,
    "count": 0,
    "updated": 0
  },
  {
    "id": "89e79347-784a-44f7-9f4a-c0b23627067c",
    "data": [
      {
        "text": "i want to ",
        "userDefined": false
      },
      {
        "text": "register a truck",
        "alias": "user_intent",
        "meta": "@user_intent",
        "userDefined": true
      }
    ],
    "isTemplate": false,
    "count": 0,
    "updated": 0
  },
  {
    "id": "af36400b-5c42-4b33-aa76-db9120052516",
    "data": [
      {
        "text": "register a vehicle",
        "alias": "user_intent",
        "meta": "@user_intent",
        "userDefined": true
      }
    ],
    "isTemplate": false,
    "count": 0,
    "updated": 0
  },
  {
    "id": "ef4890dd-5786-4d1c-9739-d1f7721b75c7",
    "data": [
      {
        "text": "update trip",
        "alias": "user_intent",
        "meta": "@user_intent",
        "userDefined": true
      }
    ],
    "isTemplate": false,
    "count": 0,
    "updated": 0
  },
  {
    "id": "278b5316-f340-4cd8-9b00-a2fa100fcddf",
    "data": [
      {
        "text": "create user",
        "alias": "user_intent",
        "meta": "@user_intent",
        "userDefined": true
      }
    ],
    "isTemplate": false,
    "count": 0,
    "updated": 0
  },
  {
    "id": "8d633078-99fe-41bb-963c-8b4743f011b4",
    "data": [
      {
        "text": "i want to ",
        "userDefined": false
      },
      {
        "text": "add a user",
        "alias": "user_intent",
        "meta": "@user_intent",
        "userDefined": true
      }
    ],
    "isTemplate": false,
    "count": 0,
    "updated": 0
  },
  {
    "id": "724227bf-960e-4979-a911-b03b347d35dc",
    "data": [
      {
        "text": "Add user",
        "alias": "user_intent",
        "meta": "@user_intent",
        "userDefined": true
      }
    ],
    "isTemplate": false,
    "count": 0,
    "updated": 0
  }
]