[
  {
    "id": "a44584fd-a4ed-4563-9b72-cf355566f94e",
    "data": [
      {
        "text": "what is this",
        "meta": "@sys.ignore",
        "userDefined": false
      },
      {
        "text": "?",
        "userDefined": false
      }
    ],
    "isTemplate": false,
    "count": 0,
    "updated": 0
  },
  {
    "id": "1ddcccdf-433c-4780-b1bb-0a48ace3c8b0",
    "data": [
      {
        "text": "How it works",
        "meta": "@sys.ignore",
        "userDefined": false
      }
    ],
    "isTemplate": false,
    "count": 0,
    "updated": 0
  }
]