[
  {
    "id": "8165ced2-6471-4589-97bc-aaa2a072ed7e",
    "data": [
      {
        "text": "the consignment is ",
        "userDefined": false
      },
      {
        "text": "garri",
        "alias": "consignment_class",
        "meta": "@consignment_type",
        "userDefined": true
      }
    ],
    "isTemplate": false,
    "count": 0,
    "updated": 0
  },
  {
    "id": "41aa749b-78db-485e-8315-9d766f1a6547",
    "data": [
      {
        "text": "The truck is carrying ",
        "userDefined": false
      },
      {
        "text": "cattle",
        "alias": "consignment_class",
        "meta": "@consignment_type",
        "userDefined": true
      }
    ],
    "isTemplate": false,
    "count": 0,
    "updated": 0
  },
  {
    "id": "97330666-10b4-4a5d-a441-2cb05848a2cd",
    "data": [
      {
        "text": "The truck number is ",
        "userDefined": false
      },
      {
        "text": "MDG123fg",
        "alias": "license_plate_number",
        "meta": "@license_plate_number",
        "userDefined": true
      },
      {
        "text": " and the type is ",
        "userDefined": false
      },
      {
        "text": "911",
        "alias": "truck-type",
        "meta": "@truck-type",
        "userDefined": false
      }
    ],
    "isTemplate": false,
    "count": 0,
    "updated": 0
  },
  {
    "id": "37c0c786-6417-4bcc-8793-05f00cb5ac9e",
    "data": [
      {
        "text": "The truck number is ",
        "userDefined": false
      },
      {
        "text": "MDG-123fg",
        "alias": "license_plate_number",
        "meta": "@license_plate_number",
        "userDefined": true
      },
      {
        "text": " from ",
        "userDefined": false
      },
      {
        "text": "kano",
        "alias": "originating_depot",
        "meta": "@states",
        "userDefined": true
      }
    ],
    "isTemplate": false,
    "count": 0,
    "updated": 0
  },
  {
    "id": "356560d7-cfc5-48f2-b29c-690cce0009b5",
    "data": [
      {
        "text": "i would like to register a vehicle",
        "userDefined": false
      }
    ],
    "isTemplate": false,
    "count": 0,
    "updated": 0
  }
]