[
  {
    "value": "fruits",
    "synonyms": [
      "fruits",
      "orange",
      "mango",
      "bananna",
      "watermelon",
      "apple",
      "avacado",
      "plantain",
      "oranges",
      "mangoes",
      "banannas",
      "watermelons",
      "apples",
      "avacadoes",
      "plantains",
      "pear",
      "pears",
      "avacado pears",
      "avacado pear",
      "grape",
      "grapes",
      "straw berry",
      "straw berries",
      "tangerine",
      "tangerines",
      "grape fruit",
      "grape fruits",
      "coconut",
      "coconuts",
      "groundnut",
      "groundnuts",
      "ground nut",
      "ground nuts",
      "pea nut",
      "peanut",
      "peanuts",
      "pea nuts",
      "lemon",
      "lime",
      "lemons",
      "limes"
    ]
  },
  {
    "value": "animals",
    "synonyms": [
      "animals",
      "cattle",
      "cattles",
      "cow",
      "cows",
      "sheep",
      "sheeps",
      "goat",
      "goats",
      "donkey",
      "donkeys",
      "poultry",
      "poultries",
      "rabbit",
      "rabbits",
      "pig",
      "pigs",
      "guinea fowl",
      "guinea fowls",
      "turkey",
      "turkies",
      "chickens"
    ]
  },
  {
    "value": "vegetables",
    "synonyms": [
      "vegetables",
      "tomatoe",
      "tomatoes",
      "pepper",
      "peppers",
      "carrot",
      "carrots",
      "pea",
      "peas",
      "cow pea",
      "cow peas",
      "green bean",
      "green beans",
      "peper",
      "pepers",
      "dry pepper",
      "dry peper",
      "dried peper",
      "dried pepper",
      "fresh pepper",
      "fresh peper",
      "egusi",
      "melon",
      "lettuce",
      "onion",
      "onions",
      "spinach",
      "spinashe",
      "garlic",
      "garlics",
      "galic",
      "galics",
      "cucumber",
      "cucumbers",
      "pumpkin",
      "ugu",
      "pumkin",
      "pumpkins",
      "pumkins",
      "okra",
      "okras",
      "water leaf",
      "water leaves",
      "beans",
      "brown beans",
      "black beans",
      "kidney beans",
      "soy beans",
      "soya beans"
    ]
  },
  {
    "value": "grains",
    "synonyms": [
      "grains",
      "rice",
      "corn",
      "maize",
      "millet",
      "guinea corn"
    ]
  },
  {
    "value": "tubers",
    "synonyms": [
      "tubers",
      "yam",
      "yams",
      "potato",
      "potatos",
      "potatoe",
      "potatoes",
      "casava",
      "casavas",
      "cassava",
      "cassavas",
      "irish potato",
      "irish potatoe",
      "irish potatos",
      "irish potatoes",
      "sweet potatoe",
      "sweet potatoes",
      "sweet potato",
      "sweet potatos",
      "coco yam",
      "cocoa yam",
      "water yam",
      "coco yams",
      "cocoa yams",
      "water yams"
    ]
  },
  {
    "value": "confectionaries",
    "synonyms": [
      "confectionaries",
      "sweet",
      "sweets",
      "corn flakes",
      "garri",
      "golden morn",
      "sugar",
      "salt",
      "pop corn",
      "bread",
      "meat pie",
      "cheese balls",
      "cup cake",
      "cup cakes",
      "yoghurt",
      "candy",
      "candies",
      "pastries",
      "sausage roll",
      "sausage rolls",
      "sausage",
      "flour"
    ]
  },
  {
    "value": "drinks",
    "synonyms": [
      "drinks",
      "alchohol",
      "alcohol",
      "soft drinks",
      "soft drink",
      "fanta",
      "sprite",
      "7 up",
      "seven up",
      "7up",
      "coke",
      "coca cola",
      "marinda",
      "pepsi",
      "bigi apple",
      "bigi cola",
      "bigi tropica",
      "bigi tropical",
      "bigi",
      "bigi soda",
      "bigi orange",
      "bigi bitter lemon",
      "bigi lemon and lime"
    ]
  }
]