[
  {
    "value": "abia",
    "synonyms": [
      "abia",
      "umuahia"
    ]
  },
  {
    "value": "adamawa",
    "synonyms": [
      "adamawa",
      "yola"
    ]
  },
  {
    "value": "akwa-ibom",
    "synonyms": [
      "akwa-ibom",
      "uyo"
    ]
  },
  {
    "value": "anambra",
    "synonyms": [
      "anambra",
      "awka"
    ]
  },
  {
    "value": "bauchi",
    "synonyms": [
      "bauchi"
    ]
  },
  {
    "value": "bayelsa",
    "synonyms": [
      "bayelsa",
      "yenagoa"
    ]
  },
  {
    "value": "benue",
    "synonyms": [
      "benue",
      "makurdi"
    ]
  },
  {
    "value": "borno",
    "synonyms": [
      "borno",
      "maiduguri"
    ]
  },
  {
    "value": "cross-river",
    "synonyms": [
      "cross-river",
      "calabar"
    ]
  },
  {
    "value": "delta",
    "synonyms": [
      "delta",
      "asaba"
    ]
  },
  {
    "value": "ebonyi",
    "synonyms": [
      "ebonyi",
      "abakaliki"
    ]
  },
  {
    "value": "edo",
    "synonyms": [
      "edo",
      "benin"
    ]
  },
  {
    "value": "ekiti",
    "synonyms": [
      "ekiti",
      "ado-ekiti"
    ]
  },
  {
    "value": "enugu",
    "synonyms": [
      "enugu"
    ]
  },
  {
    "value": "gombe",
    "synonyms": [
      "gombe"
    ]
  },
  {
    "value": "imo",
    "synonyms": [
      "imo",
      "owerri"
    ]
  },
  {
    "value": "jigawa",
    "synonyms": [
      "jigawa",
      "dutse"
    ]
  },
  {
    "value": "kaduna",
    "synonyms": [
      "kaduna"
    ]
  },
  {
    "value": "kano",
    "synonyms": [
      "kano"
    ]
  },
  {
    "value": "katsina",
    "synonyms": [
      "katsina"
    ]
  },
  {
    "value": "kebbi",
    "synonyms": [
      "kebbi",
      "birnin-kebbi"
    ]
  },
  {
    "value": "kogi",
    "synonyms": [
      "kogi",
      "lokoja"
    ]
  },
  {
    "value": "kwara",
    "synonyms": [
      "kwara",
      "ilorin"
    ]
  },
  {
    "value": "lagos",
    "synonyms": [
      "lagos",
      "ikeja"
    ]
  },
  {
    "value": "nassarawa",
    "synonyms": [
      "nassarawa",
      "lafia"
    ]
  },
  {
    "value": "niger",
    "synonyms": [
      "niger",
      "minna"
    ]
  },
  {
    "value": "ogun",
    "synonyms": [
      "ogun",
      "abeokuta"
    ]
  },
  {
    "value": "ondo",
    "synonyms": [
      "ondo",
      "akure"
    ]
  },
  {
    "value": "osun",
    "synonyms": [
      "osun",
      "oshogbo"
    ]
  },
  {
    "value": "oyo",
    "synonyms": [
      "oyo",
      "ibadan"
    ]
  },
  {
    "value": "plateau",
    "synonyms": [
      "plateau",
      "jos"
    ]
  },
  {
    "value": "rivers",
    "synonyms": [
      "rivers",
      "port-harcourt"
    ]
  },
  {
    "value": "sokoto",
    "synonyms": [
      "sokoto"
    ]
  },
  {
    "value": "taraba",
    "synonyms": [
      "taraba",
      "jalingo"
    ]
  },
  {
    "value": "yobe",
    "synonyms": [
      "yobe",
      "damatura"
    ]
  },
  {
    "value": "zamfara",
    "synonyms": [
      "zamfara",
      "gusau"
    ]
  },
  {
    "value": "abuja",
    "synonyms": [
      "abuja",
      "Federal Capital Territory",
      "fct"
    ]
  }
]