[
  {
    "value": "Border Health Inspector",
    "synonyms": [
      "Inspector",
      "inspetor",
      "inpestor",
      "inpector",
      "state inspector",
      "health inspector",
      "BHI"
    ]
  },
  {
    "value": "State Supervisor",
    "synonyms": [
      "supervisor",
      "supavisor",
      "supaviso",
      "truck supervisor",
      "supi",
      "super"
    ]
  },
  {
    "value": "Administrator",
    "synonyms": [
      "admin"
    ]
  },
  {
    "value": "Super Administrator",
    "synonyms": [
      "super admin",
      "supa admin"
    ]
  }
]