[
  {
    "value": "add user",
    "synonyms": [
      "add user",
      "add a user",
      "create user"
    ]
  },
  {
    "value": "update trip",
    "synonyms": [
      "update trip",
      "complete trip",
      "close trip"
    ]
  },
  {
    "value": "register truck",
    "synonyms": [
      "register truck",
      "register",
      "add truck"
    ]
  },
  {
    "value": "search truck",
    "synonyms": [
      "query truck",
      "query",
      "search",
      "search for truck",
      "search truck",
      "show me truck",
      "show truck",
      "query a truck",
      "i want to search a truck",
      "Search for truck"
    ]
  }
]